initial_n,final_n,series_name,line_name,ideal_energy_ev,corrected_energy_ev,ideal_frequency_hz,corrected_frequency_hz,ideal_wavelength_nm,corrected_wavelength_nm,wavelength_shift_nm,wavelength_shift_pm,relative_shift
2,1,Lyman,Lyman-alpha,10.204269842242885,10.198715448212468,2467381470187486.0,2466038423686301.0,121.5022734110182,121.56844561726741,0.06617220624922027,66.17220624922027,0.0005446170214887483
3,1,Lyman,Lyman-beta,12.093949442658234,12.087366457140702,2924303964666650.0,2922712205850430.5,102.51754319054662,102.57337598956941,0.05583279902279514,55.83279902279514,0.0005446170214888998
4,1,Lyman,Lyman-gamma,12.755337302803607,12.748394310265585,3084226837734357.5,3082548029607876.0,97.20181872881456,97.25475649381394,0.05293776499938474,52.93776499938474,0.000544617021488836
5,1,Lyman,Lyman-delta,13.061465398070894,13.054355773711958,3158248281839982.0,3156529182318465.0,94.92365110235797,94.97534813849019,0.051697036132225094,51.697036132225094,0.0005446170214889775
6,1,Lyman,,13.227757202907444,13.220557062497644,3198457461354148.5,3196716475148908.5,93.73032520278547,93.78137233332059,0.05104713053512455,51.04713053512455,0.0005446170214888739
7,1,Lyman,,13.32802591639887,13.320771197665263,3222702328408144.5,3220948145222923.0,93.02517808031082,93.07584117572038,0.050663095409561265,50.663095409561265,0.0005446170214887697
8,1,Lyman,,13.393104167943788,13.385814025778863,3238438179621075.5,3236675431088270.0,92.5731606941091,92.62357761315613,0.05041691904702361,50.41691904702361,0.0005446170214887336
9,1,Lyman,,13.437721602953594,13.43040717460078,3249226627407389.0,3247458006500478.5,92.26578887149195,92.31603839061246,0.05024951912051279,50.24951912051279,0.000544617021488869
10,1,Lyman,,13.469636191760609,13.462304391640457,3256943540647481.5,3255170719265917.0,92.04717682652894,92.09730728580867,0.05013045927972826,50.13045927972826,0.0005446170214889214
3,2,Balmer,H-alpha,1.8896796004153493,1.888651008928235,456922494479164.1,456673782164129.8,656.1122764194982,656.4696063332441,0.35732991374584344,357.32991374584344,0.0005446170214888306
4,2,Balmer,H-beta,2.5510674605607213,2.549678862053117,616845367546871.5,616509605921575.2,486.0090936440728,486.27378246906966,0.26468882499688107,264.68882499688107,0.0005446170214887483
5,2,Balmer,H-gamma,2.857195555828008,2.855640325499491,690866811652496.2,690490758632164.4,433.9366907536364,434.17302006166943,0.23632930803302088,236.32930803302088,0.0005446170214889588
6,2,Balmer,H-delta,3.0234873606645585,3.0218416142851754,731075991166662.5,730678051462607.6,410.0701727621865,410.29350395827765,0.22333119609118057,223.33119609118057,0.0005446170214888998
7,2,Balmer,,3.1237560741559856,3.1220557494527963,755320858220659.0,754909721536622.8,396.90742647599274,397.1235890164069,0.2161625404141887,216.1625404141887,0.0005446170214889226
8,2,Balmer,,3.1888343257009018,3.1870985775663963,771056709433589.4,770637007401969.0,388.80727491525823,389.0190259752558,0.21175105999753896,211.75105999753896,0.000544617021488836
9,2,Balmer,,3.2334517607107087,3.2316917263883127,781845157219903.0,781419582814177.6,383.44223946594053,383.65106863631144,0.20882917037090465,208.82917037090465,0.000544617021488719
10,2,Balmer,,3.2653663495177234,3.2635889434279894,789562070459995.5,789132295579616.2,379.69460440943186,379.90139255396076,0.20678814452890038,206.78814452890038,0.0005446170214889775
4,3,Paschen,Paschen-alpha,0.6613878601453721,0.661027853124882,159922873067707.4,159835823757445.4,1874.6065040557096,1875.6274466664122,1.0209426107026047,1020.9426107026047,0.0005446170214889345
5,3,Paschen,Paschen-beta,0.9675159554126586,0.966989316571256,233944317173331.97,233816976468034.4,1281.469289881833,1282.1671998696177,0.6979099877846693,697.9099877846693,0.000544617021488689
6,3,Paschen,Paschen-gamma,1.1338077602492094,1.1331906053569407,274153496687498.44,274004269298477.88,1093.520460699164,1094.116010555407,0.5955498562429966,595.5498562429966,0.0005446170214887611
7,3,Paschen,Paschen-delta,1.2340764737406362,1.2334047405245614,298398363741494.94,298235939372492.94,1004.6719232673566,1005.21908469778,0.5471614304233299,547.1614304233299,0.0005446170214888377
8,3,Paschen,,1.2991547252855524,1.2984475686381611,314134214954425.3,313963225237839.25,954.345129337452,954.8648819392641,0.5197526018121152,519.7526018121152,0.000544617021488809
9,3,Paschen,,1.3437721602953594,1.343040717460078,324922662740738.9,324745800650047.8,922.6578887149194,923.1603839061246,0.5024951912051847,502.4951912051847,0.0005446170214889307
10,3,Paschen,,1.375686749102374,1.3749379344997548,332639575980831.44,332458513415486.5,901.2531269498604,901.7439647434672,0.4908377936068291,490.8377936068291,0.000544617021488721
5,4,Brackett,Brackett-alpha,0.30612809526728657,0.30596146344637404,74021444105624.58,73981152710589.02,4050.0757803672727,4052.281520575581,2.2057402083082707,2205.7402083082707,0.0005446170214889775
6,4,Brackett,Brackett-beta,0.47241990010383733,0.4721627522320587,114230623619791.03,114168445541032.45,2624.449105677993,2625.8784253329763,1.4293196549833738,1429.3196549833738,0.0005446170214888306
7,4,Brackett,Brackett-gamma,0.572688613595264,0.5723768873996793,138475490673787.5,138400115615047.52,2164.9495989599604,2166.12866736222,1.1790684022594178,1179.0684022594178,0.0005446170214890181
8,4,Brackett,Brackett-delta,0.6377668651401803,0.6374197155132793,154211341886717.88,154127401480393.8,1944.036374576291,1945.0951298762786,1.0587552999875243,1058.7552999875243,0.0005446170214887483
9,4,Brackett,,0.6823843001499872,0.6820128643351958,164999789673031.47,164909976892602.4,1816.9263039309183,1817.9158329228298,0.9895289919115839,989.528991911584,0.0005446170214888402
10,4,Brackett,,0.714298888957002,0.7139100813748728,172716702913124.06,172622689658041.1,1735.7467630145456,1736.6920802466777,0.9453172321320835,945.3172321320835,0.0005446170214889588
6,5,Pfund,Pfund-alpha,0.16629180483655076,0.1662012887856847,40209179514166.445,40187292830443.43,7455.821322948843,7459.8818901505,4.06056720165725,4060.56720165725,0.0005446170214888224
7,5,Pfund,Pfund-beta,0.26656051832797745,0.2664154239533053,64454046568162.914,64418962904458.484,4651.258904015541,4653.792058786019,2.533154770478177,2533.154770478177,0.0005446170214887942
8,5,Pfund,Pfund-gamma,0.3316387698728938,0.3314582520669052,80189897781093.31,80146248769804.8,3738.53148956979,3740.567557454382,2.03606788459183,2036.06788459183,0.0005446170214888653
9,5,Pfund,Pfund-delta,0.3762562048827007,0.3760514008888219,90978345567406.9,90928824182013.4,3295.2067454104263,3297.0013710933017,1.7946256828754485,1794.6256828754485,0.0005446170214888666
10,5,Pfund,,0.4081707936897154,0.4079486179284987,98695258807499.44,98641536947452.03,3037.556835275455,3039.211140431686,1.654305156231203,1654.305156231203,0.0005446170214889775
7,6,Humphreys,Humphreys-alpha,0.1002687134914267,0.10021413516762062,24244867053996.465,24231670074015.055,12365.192901752082,12371.92719628037,6.734294528288956,6734.294528288956,0.0005446170214889848
8,6,Humphreys,Humphreys-beta,0.16534696503634302,0.1652569632812205,39980718266926.85,39958955939361.35,7498.426016222838,7502.509786665649,4.083770442810419,4083.770442810419,0.0005446170214889345
9,6,Humphreys,Humphreys-gamma,0.2099644000461499,0.2098501121031372,50769166053240.45,50741531351569.98,5905.010487775485,5908.226456999198,3.2159692237128183,3215.9692237128183,0.000544617021488869
10,6,Humphreys,Humphreys-delta,0.24187898885316464,0.241747329142814,58486079293332.99,58454244117008.6,5125.877159527332,5128.668799478471,2.791639951138677,2791.639951138677,0.000544617021488689
8,7,n_f=7 series,,0.06507825154491634,0.06504282811359989,15735851212930.39,15727285865346.3,19051.55647084766,19061.93227278754,10.375801939881057,10375.801939881057,0.0005446170214889224
9,7,n_f=7 series,,0.10969568655472321,0.10963597693551656,26524298999243.99,26509861277554.92,11302.559136757764,11308.714702850028,6.155566092264053,6155.566092264053,0.0005446170214889784
10,7,n_f=7 series,,0.14161027536173798,0.1415331939751934,34241212239336.535,34222574042993.56,8755.310878146902,8760.079169479566,4.768291332664376,4768.291332664376,0.0005446170214887452
9,8,n_f=8 series,,0.04461743500980687,0.044593148821916666,10788447786313.6,10782575412208.623,27788.284648355213,27803.418621172685,15.133972817471658,15133.972817471658,0.0005446170214888538
10,8,n_f=8 series,,0.07653202381682164,0.07649036586159351,18505361026406.145,18495288177647.254,16200.303121469091,16209.126082302324,8.822960833233083,8822.960833233083,0.0005446170214889775
10,9,n_f=9 series,,0.031914588807014775,0.031897217039676844,7716913240092.546,7712712765438.634,38848.75320904925,38869.91090131052,21.157692261265765,21157.692261265765,0.0005446170214887975
